x;y;layer1;layer2;voltage1;voltage2;current
81.8731;3300.73;TOP_LAYER;INT1__GND_;24;24;-5.70403e-11
81.8731;3300.73;INT1__GND_;INT2__PWR_;24;24;-1.11091e-10
81.8731;3300.73;INT2__PWR_;BOTTOM_LAYER;24;24;-1.14284e-10
163.198;2094.8;TOP_LAYER;INT1__GND_;24;24;5.25328e-08
163.198;2094.8;INT1__GND_;INT2__PWR_;24;24;5.24676e-08
163.198;2094.8;INT2__PWR_;BOTTOM_LAYER;24;24;5.57679e-08
209.899;2363.1;TOP_LAYER;INT1__GND_;24;24;5.45199e-08
209.899;2363.1;INT1__GND_;INT2__PWR_;24;24;5.44846e-08
209.899;2363.1;INT2__PWR_;BOTTOM_LAYER;24;24;5.61995e-08
269.443;3645.13;TOP_LAYER;INT1__GND_;24;24;-9.41206e-11
269.443;3645.13;INT1__GND_;INT2__PWR_;24;24;-6.11025e-11
269.443;3645.13;INT2__PWR_;BOTTOM_LAYER;24;24;-0
269.443;3841.98;TOP_LAYER;INT1__GND_;0;7.54892e-09;-0.000199991
269.443;3841.98;INT1__GND_;INT2__PWR_;7.54892e-09;7.54892e-09;-0
269.443;3841.98;INT2__PWR_;BOTTOM_LAYER;7.54892e-09;7.54892e-09;7.98302e-21
309.899;763.101;TOP_LAYER;INT1__GND_;-6.77757e-05;-6.76835e-05;-0.00129546
309.899;763.101;INT1__GND_;INT2__PWR_;-6.76835e-05;-6.79506e-05;0.00243635
309.899;763.101;INT2__PWR_;BOTTOM_LAYER;-6.79506e-05;-6.84299e-05;0.00122682
309.899;2863.1;TOP_LAYER;INT1__GND_;24;24;1.1548e-07
309.899;2863.1;INT1__GND_;INT2__PWR_;24;24;1.15419e-07
309.899;2863.1;INT2__PWR_;BOTTOM_LAYER;24;24;3.65588e-07
359.899;2063.1;TOP_LAYER;INT1__GND_;24;24;7.94832e-08
359.899;2063.1;INT1__GND_;INT2__PWR_;24;24;7.94094e-08
359.899;2063.1;INT2__PWR_;BOTTOM_LAYER;24;24;7.51419e-08
484.899;413.101;TOP_LAYER;INT1__GND_;-6.84889e-05;-6.84749e-05;-0.000196721
484.899;413.101;INT1__GND_;INT2__PWR_;-6.84749e-05;-6.8581e-05;0.000967974
484.899;413.101;INT2__PWR_;BOTTOM_LAYER;-6.8581e-05;-6.88413e-05;0.000666164
505.198;1110.8;TOP_LAYER;INT1__GND_;-6.69217e-05;-6.67674e-05;-0.00313363
505.198;1110.8;INT1__GND_;INT2__PWR_;-6.67674e-05;-6.71869e-05;0.00553115
505.198;1110.8;INT2__PWR_;BOTTOM_LAYER;-6.71869e-05;-6.79079e-05;0.00266727
509.899;2363.1;TOP_LAYER;INT1__GND_;24;24;1.00203e-07
509.899;2363.1;INT1__GND_;INT2__PWR_;24;24;1.00088e-07
509.899;2363.1;INT2__PWR_;BOTTOM_LAYER;24;24;9.59303e-08
544.105;3915.89;TOP_LAYER;INT1__GND_;2.6086e-06;2.6086e-06;6.38774e-18
544.105;3915.89;INT1__GND_;INT2__PWR_;2.6086e-06;2.6086e-06;-4.14688e-18
544.105;3915.89;INT2__PWR_;BOTTOM_LAYER;2.6086e-06;2.6086e-06;-1.16348e-18
659.899;763.101;TOP_LAYER;INT1__GND_;-6.83663e-05;-6.832e-05;-0.000650057
659.899;763.101;INT1__GND_;INT2__PWR_;-6.832e-05;-6.85048e-05;0.00168633
659.899;763.101;INT2__PWR_;BOTTOM_LAYER;-6.85048e-05;-6.8894e-05;0.000996009
659.899;2063.1;TOP_LAYER;INT1__GND_;24;24;1.72147e-07
659.899;2063.1;INT1__GND_;INT2__PWR_;24;24;1.72075e-07
659.899;2063.1;INT2__PWR_;BOTTOM_LAYER;24;24;1.51339e-07
659.899;2863.1;TOP_LAYER;INT1__GND_;24;24;2.8558e-07
659.899;2863.1;INT1__GND_;INT2__PWR_;24;24;2.85453e-07
659.899;2863.1;INT2__PWR_;BOTTOM_LAYER;24;24;5.29403e-07
809.899;2363.1;TOP_LAYER;INT1__GND_;24;24;2.382e-07
809.899;2363.1;INT1__GND_;INT2__PWR_;24;24;2.38099e-07
809.899;2363.1;INT2__PWR_;BOTTOM_LAYER;24;24;2.06683e-07
834.899;413.101;TOP_LAYER;INT1__GND_;-6.89562e-05;-6.89502e-05;-8.54158e-05
834.899;413.101;INT1__GND_;INT2__PWR_;-6.89502e-05;-6.90441e-05;0.000857316
834.899;413.101;INT2__PWR_;BOTTOM_LAYER;-6.90441e-05;-6.92955e-05;0.000643422
834.899;1113.1;TOP_LAYER;INT1__GND_;-6.81373e-05;-6.79065e-05;-0.0032433
834.899;1113.1;INT1__GND_;INT2__PWR_;-6.79065e-05;-6.84498e-05;0.00495668
834.899;1113.1;INT2__PWR_;BOTTOM_LAYER;-6.84498e-05;-6.9319e-05;0.00222504
959.899;2063.1;TOP_LAYER;INT1__GND_;24;24;3.97216e-07
959.899;2063.1;INT1__GND_;INT2__PWR_;24;24;3.97112e-07
959.899;2063.1;INT2__PWR_;BOTTOM_LAYER;24;24;3.18273e-07
1009.9;763.101;TOP_LAYER;INT1__GND_;-6.93207e-05;-6.9289e-05;-0.000445237
1009.9;763.101;INT1__GND_;INT2__PWR_;-6.9289e-05;-6.94534e-05;0.00149987
1009.9;763.101;INT2__PWR_;BOTTOM_LAYER;-6.94534e-05;-6.98371e-05;0.000982293
1009.9;2863.1;TOP_LAYER;INT1__GND_;24;24;6.54189e-07
1009.9;2863.1;INT1__GND_;INT2__PWR_;24;24;6.54107e-07
1009.9;2863.1;INT2__PWR_;BOTTOM_LAYER;24;24;8.66901e-07
1109.9;2363.1;TOP_LAYER;INT1__GND_;24;24;5.6452e-07
1109.9;2363.1;INT1__GND_;INT2__PWR_;24;24;5.64488e-07
1109.9;2363.1;INT2__PWR_;BOTTOM_LAYER;24;24;4.5237e-07
1116.9;3926.1;TOP_LAYER;INT1__GND_;1.24437e-05;1.24437e-05;4.76137e-17
1116.9;3926.1;INT1__GND_;INT2__PWR_;1.24437e-05;1.24437e-05;-7.72763e-17
1116.9;3926.1;INT2__PWR_;BOTTOM_LAYER;1.24437e-05;1.24437e-05;-5.63713e-17
1184.9;413.101;TOP_LAYER;INT1__GND_;-6.94393e-05;-6.9441e-05;2.37264e-05
1184.9;413.101;INT1__GND_;INT2__PWR_;-6.9441e-05;-6.95407e-05;0.000909161
1184.9;413.101;INT2__PWR_;BOTTOM_LAYER;-6.95407e-05;-6.98352e-05;0.000753852
1184.9;1113.1;TOP_LAYER;INT1__GND_;-6.98247e-05;-6.96203e-05;-0.00287252
1184.9;1113.1;INT1__GND_;INT2__PWR_;-6.96203e-05;-7.01129e-05;0.0044939
1184.9;1113.1;INT2__PWR_;BOTTOM_LAYER;-7.01129e-05;-7.09611e-05;0.00217118
1184.9;3213.1;TOP_LAYER;INT1__GND_;24;24;2.79255e-06
1184.9;3213.1;INT1__GND_;INT2__PWR_;24;24;2.79252e-06
1184.9;3213.1;INT2__PWR_;BOTTOM_LAYER;24;24;2.46561e-06
1259.9;2063.1;TOP_LAYER;INT1__GND_;24;24;8.92039e-07
1259.9;2063.1;INT1__GND_;INT2__PWR_;24;24;8.91979e-07
1259.9;2063.1;INT2__PWR_;BOTTOM_LAYER;24;24;6.38529e-07
1359.9;763.101;TOP_LAYER;INT1__GND_;-7.06478e-05;-7.06219e-05;-0.000363236
1359.9;763.101;INT1__GND_;INT2__PWR_;-7.06219e-05;-7.07961e-05;0.00158931
1359.9;763.101;INT2__PWR_;BOTTOM_LAYER;-7.07961e-05;-7.12427e-05;0.00114304
1359.9;2863.1;TOP_LAYER;INT1__GND_;24;24;6.82896e-07
1359.9;2863.1;INT1__GND_;INT2__PWR_;24;24;6.82889e-07
1359.9;2863.1;INT2__PWR_;BOTTOM_LAYER;24;24;1.06378e-06
1404.75;4131.25;TOP_LAYER;INT1__GND_;2.67557e-05;2.67557e-05;-1.25809e-16
1404.75;4131.25;INT1__GND_;INT2__PWR_;2.67557e-05;2.67557e-05;8.16746e-17
1404.75;4131.25;INT2__PWR_;BOTTOM_LAYER;2.67557e-05;2.67557e-05;9.16612e-17
1409.9;2363.1;TOP_LAYER;INT1__GND_;24;24;1.51917e-06
1409.9;2363.1;INT1__GND_;INT2__PWR_;24;24;1.51915e-06
1409.9;2363.1;INT2__PWR_;BOTTOM_LAYER;24;24;9.92468e-07
1534.9;413.101;TOP_LAYER;INT1__GND_;-6.96636e-05;-6.96664e-05;4.00254e-05
1534.9;413.101;INT1__GND_;INT2__PWR_;-6.96664e-05;-6.98236e-05;0.00143392
1534.9;413.101;INT2__PWR_;BOTTOM_LAYER;-6.98236e-05;-7.02884e-05;0.00118978
1534.9;1113.1;TOP_LAYER;INT1__GND_;-7.27225e-05;-7.25333e-05;-0.00265927
1534.9;1113.1;INT1__GND_;INT2__PWR_;-7.25333e-05;-7.29973e-05;0.00423334
1534.9;1113.1;INT2__PWR_;BOTTOM_LAYER;-7.29973e-05;-7.38968e-05;0.00230239
1534.9;3213.1;TOP_LAYER;INT1__GND_;24;24;9.61721e-06
1534.9;3213.1;INT1__GND_;INT2__PWR_;24;24;9.61716e-06
1534.9;3213.1;INT2__PWR_;BOTTOM_LAYER;24;24;6.39033e-06
1559.9;2063.1;TOP_LAYER;INT1__GND_;24;24;2.32289e-06
1559.9;2063.1;INT1__GND_;INT2__PWR_;24;24;2.32281e-06
1559.9;2063.1;INT2__PWR_;BOTTOM_LAYER;24;24;1.42532e-06
1642.95;3803.15;TOP_LAYER;INT1__GND_;3.01857e-05;3.01857e-05;9.52275e-17
1642.95;3803.15;INT1__GND_;INT2__PWR_;3.01857e-05;3.01857e-05;-1.54553e-16
1642.95;3803.15;INT2__PWR_;BOTTOM_LAYER;3.01857e-05;3.01857e-05;-1.47433e-16
1656.68;3300.73;TOP_LAYER;INT1__GND_;24;24;9.79757e-05
1656.68;3300.73;INT1__GND_;INT2__PWR_;24;24;9.79757e-05
1656.68;3300.73;INT2__PWR_;BOTTOM_LAYER;24;24;3.60678e-05
1709.9;763.101;TOP_LAYER;INT1__GND_;-7.21485e-05;-7.213e-05;-0.000260252
1709.9;763.101;INT1__GND_;INT2__PWR_;-7.213e-05;-7.23543e-05;0.00204685
1709.9;763.101;INT2__PWR_;BOTTOM_LAYER;-7.23543e-05;-7.29901e-05;0.00162737
1709.9;2363.1;TOP_LAYER;INT1__GND_;24;24;4.56988e-06
1709.9;2363.1;INT1__GND_;INT2__PWR_;24;24;4.56987e-06
1709.9;2363.1;INT2__PWR_;BOTTOM_LAYER;24;24;2.41177e-06
1709.9;2863.1;TOP_LAYER;INT1__GND_;24;24;-3.06619e-06
1709.9;2863.1;INT1__GND_;INT2__PWR_;24;24;-3.06624e-06
1709.9;2863.1;INT2__PWR_;BOTTOM_LAYER;24;24;-9.22709e-07
1859.9;2063.1;TOP_LAYER;INT1__GND_;24;24;6.13358e-06
1859.9;2063.1;INT1__GND_;INT2__PWR_;24;24;6.13359e-06
1859.9;2063.1;INT2__PWR_;BOTTOM_LAYER;24;24;3.12084e-06
1884.9;413.101;TOP_LAYER;INT1__GND_;-6.88142e-05;-6.88064e-05;-0.000109546
1884.9;413.101;INT1__GND_;INT2__PWR_;-6.88064e-05;-6.91209e-05;0.00286884
1884.9;413.101;INT2__PWR_;BOTTOM_LAYER;-6.91209e-05;-6.99982e-05;0.00224568
1884.9;1113.1;TOP_LAYER;INT1__GND_;-7.71362e-05;-7.69714e-05;-0.00231505
1884.9;1113.1;INT1__GND_;INT2__PWR_;-7.69714e-05;-7.7436e-05;0.0042384
1884.9;1113.1;INT2__PWR_;BOTTOM_LAYER;-7.7436e-05;-7.85438e-05;0.00283547
1884.9;3213.1;TOP_LAYER;INT1__GND_;24;24;3.4674e-06
1884.9;3213.1;INT1__GND_;INT2__PWR_;24;24;3.46734e-06
1884.9;3213.1;INT2__PWR_;BOTTOM_LAYER;24;24;2.67401e-06
2009.9;2363.1;TOP_LAYER;INT1__GND_;24;24;1.43311e-05
2009.9;2363.1;INT1__GND_;INT2__PWR_;24;24;1.4331e-05
2009.9;2363.1;INT2__PWR_;BOTTOM_LAYER;24;24;5.97763e-06
2059.9;763.101;TOP_LAYER;INT1__GND_;-7.32171e-05;-7.31987e-05;-0.000259217
2059.9;763.101;INT1__GND_;INT2__PWR_;-7.31987e-05;-7.35934e-05;0.00360117
2059.9;763.101;INT2__PWR_;BOTTOM_LAYER;-7.35934e-05;-7.4733e-05;0.00291702
2059.9;2863.1;TOP_LAYER;INT1__GND_;24;24;-2.18515e-05
2059.9;2863.1;INT1__GND_;INT2__PWR_;24;24;-2.18516e-05
2059.9;2863.1;INT2__PWR_;BOTTOM_LAYER;24;24;-6.9271e-06
2076.75;4131.25;TOP_LAYER;INT1__GND_;6.97158e-05;6.97158e-05;-5.03238e-16
2076.75;4131.25;INT1__GND_;INT2__PWR_;6.97158e-05;6.97158e-05;-0
2076.75;4131.25;INT2__PWR_;BOTTOM_LAYER;6.97158e-05;6.97158e-05;9.16612e-17
2148.9;3607.1;TOP_LAYER;INT1__GND_;4.95269e-05;4.95269e-05;-0
2148.9;3607.1;INT1__GND_;INT2__PWR_;4.95269e-05;4.95269e-05;-2.47284e-16
2148.9;3607.1;INT2__PWR_;BOTTOM_LAYER;4.95269e-05;4.95269e-05;-2.4283e-16
2159.9;2063.1;TOP_LAYER;INT1__GND_;24;24;1.17842e-05
2159.9;2063.1;INT1__GND_;INT2__PWR_;24;24;1.17842e-05
2159.9;2063.1;INT2__PWR_;BOTTOM_LAYER;24;24;4.77287e-06
2178.2;3210.8;TOP_LAYER;INT1__GND_;24;24;-4.05347e-06
2178.2;3210.8;INT1__GND_;INT2__PWR_;24;24;-4.05349e-06
2178.2;3210.8;INT2__PWR_;BOTTOM_LAYER;24;24;-1.96319e-06
2234.9;413.101;TOP_LAYER;INT1__GND_;-6.53952e-05;-6.5322e-05;-0.00102815
2234.9;413.101;INT1__GND_;INT2__PWR_;-6.5322e-05;-6.60512e-05;0.00665289
2234.9;413.101;INT2__PWR_;BOTTOM_LAYER;-6.60512e-05;-6.78854e-05;0.00469503
2234.9;1113.1;TOP_LAYER;INT1__GND_;-8.36105e-05;-8.34525e-05;-0.00222036
2234.9;1113.1;INT1__GND_;INT2__PWR_;-8.34525e-05;-8.41108e-05;0.00600557
2234.9;1113.1;INT2__PWR_;BOTTOM_LAYER;-8.41108e-05;-8.59106e-05;0.00460704
2309.9;2363.1;TOP_LAYER;INT1__GND_;24;24;1.02988e-05
2309.9;2363.1;INT1__GND_;INT2__PWR_;24;24;1.02987e-05
2309.9;2363.1;INT2__PWR_;BOTTOM_LAYER;24;24;3.90126e-06
2409.9;763.101;TOP_LAYER;INT1__GND_;-7.2069e-05;-7.19785e-05;-0.001272
2409.9;763.101;INT1__GND_;INT2__PWR_;-7.19785e-05;-7.29083e-05;0.00848209
2409.9;763.101;INT2__PWR_;BOTTOM_LAYER;-7.29083e-05;-7.53256e-05;0.00618757
2409.9;2863.1;TOP_LAYER;INT1__GND_;24;24;-1.60796e-05
2409.9;2863.1;INT1__GND_;INT2__PWR_;24;24;-1.60797e-05
2409.9;2863.1;INT2__PWR_;BOTTOM_LAYER;24;24;-7.27604e-06
2459.9;2063.1;TOP_LAYER;INT1__GND_;24;24;5.97412e-06
2459.9;2063.1;INT1__GND_;INT2__PWR_;24;24;5.97412e-06
2459.9;2063.1;INT2__PWR_;BOTTOM_LAYER;24;24;3.15089e-06
2520.2;3425.8;TOP_LAYER;INT1__GND_;6.19843e-05;6.16359e-05;0.00707539
2520.2;3425.8;INT1__GND_;INT2__PWR_;6.16359e-05;6.23071e-05;-0.00884933
2520.2;3425.8;INT2__PWR_;BOTTOM_LAYER;6.23071e-05;6.29774e-05;-0.00248016
2532.9;4059.1;TOP_LAYER;INT1__GND_;0.000121006;0.000121006;-0
2532.9;4059.1;INT1__GND_;INT2__PWR_;0.000121006;0.000121006;-7.41852e-16
2532.9;4059.1;INT2__PWR_;BOTTOM_LAYER;0.000121006;0.000121006;-5.5504e-16
2549.9;3563.1;TOP_LAYER;INT1__GND_;6.70906e-05;6.72675e-05;-0.00248664
2549.9;3563.1;INT1__GND_;INT2__PWR_;6.72675e-05;6.66118e-05;0.00598248
2549.9;3563.1;INT2__PWR_;BOTTOM_LAYER;6.66118e-05;6.52395e-05;0.00351267
2584.9;413.101;TOP_LAYER;INT1__GND_;-5.67666e-05;-5.64089e-05;-0.00502626
2584.9;413.101;INT1__GND_;INT2__PWR_;-5.64089e-05;-5.8234e-05;0.0166507
2584.9;413.101;INT2__PWR_;BOTTOM_LAYER;-5.8234e-05;-6.22351e-05;0.0102413
2584.9;1113.1;TOP_LAYER;INT1__GND_;-9.1094e-05;-9.0756e-05;-0.00474983
2584.9;1113.1;INT1__GND_;INT2__PWR_;-9.0756e-05;-9.23292e-05;0.0143523
2584.9;1113.1;INT2__PWR_;BOTTOM_LAYER;-9.23292e-05;-9.61212e-05;0.00970629
2584.9;3213.1;TOP_LAYER;INT1__GND_;24;24;-9.68896e-06
2584.9;3213.1;INT1__GND_;INT2__PWR_;24;24;-9.68906e-06
2584.9;3213.1;INT2__PWR_;BOTTOM_LAYER;24;24;-5.72962e-06
2609.9;2363.1;TOP_LAYER;INT1__GND_;24;24;3.42212e-06
2609.9;2363.1;INT1__GND_;INT2__PWR_;24;24;3.42206e-06
2609.9;2363.1;INT2__PWR_;BOTTOM_LAYER;24;24;1.85054e-06
2610.9;4230.1;TOP_LAYER;INT1__GND_;16.9627;16.9627;0.0162984
2610.9;4230.1;INT1__GND_;INT2__PWR_;16.9627;16.9627;0.0162984
2610.9;4230.1;INT2__PWR_;BOTTOM_LAYER;16.9627;16.9627;0.0124458
2661.7;3563.1;TOP_LAYER;INT1__GND_;6.86857e-05;6.90991e-05;-0.00581049
2661.7;3563.1;INT1__GND_;INT2__PWR_;6.90991e-05;6.78784e-05;0.0111369
2661.7;3563.1;INT2__PWR_;BOTTOM_LAYER;6.78784e-05;6.56239e-05;0.0057708
2759.9;763.101;TOP_LAYER;INT1__GND_;-6.48339e-05;-6.44325e-05;-0.00564151
2759.9;763.101;INT1__GND_;INT2__PWR_;-6.44325e-05;-6.6746e-05;0.0211067
2759.9;763.101;INT2__PWR_;BOTTOM_LAYER;-6.6746e-05;-7.20289e-05;0.0135226
2759.9;1463.1;TOP_LAYER;INT1__GND_;-0.000139268;-0.000137486;-0.0250447
2759.9;1463.1;INT1__GND_;INT2__PWR_;-0.000137486;-0.000142306;0.0439695
2759.9;1463.1;INT2__PWR_;BOTTOM_LAYER;-0.000142306;-0.000150668;0.0214043
2759.9;2863.1;TOP_LAYER;INT1__GND_;24;24;-1.05498e-05
2759.9;2863.1;INT1__GND_;INT2__PWR_;24;24;-1.05499e-05
2759.9;2863.1;INT2__PWR_;BOTTOM_LAYER;24;24;-6.24647e-06
2773.5;3563.1;TOP_LAYER;INT1__GND_;6.9641e-05;7.04039e-05;-0.0107206
2773.5;3563.1;INT1__GND_;INT2__PWR_;7.04039e-05;6.85284e-05;0.0171104
2773.5;3563.1;INT2__PWR_;BOTTOM_LAYER;6.85284e-05;6.51881e-05;0.00854994
2860.9;4230.1;TOP_LAYER;INT1__GND_;16.9627;16.9627;0.0258012
2860.9;4230.1;INT1__GND_;INT2__PWR_;16.9627;16.9627;0.0258012
2860.9;4230.1;INT2__PWR_;BOTTOM_LAYER;16.9627;16.9627;0.0178993
2885.3;3563.1;TOP_LAYER;INT1__GND_;6.97541e-05;7.09443e-05;-0.0167255
2885.3;3563.1;INT1__GND_;INT2__PWR_;7.09443e-05;6.83031e-05;0.0240965
2885.3;3563.1;INT2__PWR_;BOTTOM_LAYER;6.83031e-05;6.36303e-05;0.0119606
2909.9;2363.1;TOP_LAYER;INT1__GND_;24;24;-6.03164e-07
2909.9;2363.1;INT1__GND_;INT2__PWR_;24;24;-6.0322e-07
2909.9;2363.1;INT2__PWR_;BOTTOM_LAYER;24;24;-7.56848e-07
2934.9;413.101;TOP_LAYER;INT1__GND_;-3.90047e-05;-3.75587e-05;-0.0203215
2934.9;413.101;INT1__GND_;INT2__PWR_;-3.75587e-05;-4.23231e-05;0.0434667
2934.9;413.101;INT2__PWR_;BOTTOM_LAYER;-4.23231e-05;-5.1135e-05;0.0225556
2934.9;1113.1;TOP_LAYER;INT1__GND_;-8.92586e-05;-8.78007e-05;-0.0204875
2934.9;1113.1;INT1__GND_;INT2__PWR_;-8.78007e-05;-9.2498e-05;0.0428541
2934.9;1113.1;INT2__PWR_;BOTTOM_LAYER;-9.2498e-05;-0.000101418;0.0228312
2934.9;1813.1;TOP_LAYER;INT1__GND_;-0.000226909;-0.000222044;-0.0683779
2934.9;1813.1;INT1__GND_;INT2__PWR_;-0.000222044;-0.000229331;0.0664794
2934.9;1813.1;INT2__PWR_;BOTTOM_LAYER;-0.000229331;-0.000238403;0.0232223
2934.9;3213.1;TOP_LAYER;INT1__GND_;24;24;-5.03392e-05
2934.9;3213.1;INT1__GND_;INT2__PWR_;24;24;-5.03393e-05
2934.9;3213.1;INT2__PWR_;BOTTOM_LAYER;24;24;-2.14021e-05
2997.1;3563.1;TOP_LAYER;INT1__GND_;6.93385e-05;7.13427e-05;-0.0281656
2997.1;3563.1;INT1__GND_;INT2__PWR_;7.13427e-05;6.75153e-05;0.0349178
2997.1;3563.1;INT2__PWR_;BOTTOM_LAYER;6.75153e-05;6.12572e-05;0.0160188
3021.9;2950.1;TOP_LAYER;INT1__GND_;2.81035e-05;2.82836e-05;-0.0025312
3021.9;2950.1;INT1__GND_;INT2__PWR_;2.82836e-05;2.74988e-05;0.00716017
3021.9;2950.1;INT2__PWR_;BOTTOM_LAYER;2.74988e-05;2.56518e-05;0.00472773
3021.9;3040.1;TOP_LAYER;INT1__GND_;2.7903e-05;2.80643e-05;-0.00226789
3021.9;3040.1;INT1__GND_;INT2__PWR_;2.80643e-05;2.73142e-05;0.00684331
3021.9;3040.1;INT2__PWR_;BOTTOM_LAYER;2.73142e-05;2.55593e-05;0.00449208
3108.9;3563.1;TOP_LAYER;INT1__GND_;6.74888e-05;7.29935e-05;-0.0773591
3108.9;3563.1;INT1__GND_;INT2__PWR_;7.29935e-05;6.52316e-05;0.0708133
3108.9;3563.1;INT2__PWR_;BOTTOM_LAYER;6.52316e-05;5.49105e-05;0.0264186
3109.9;763.101;TOP_LAYER;INT1__GND_;-4.3808e-05;-4.11129e-05;-0.0378736
3109.9;763.101;INT1__GND_;INT2__PWR_;-4.11129e-05;-4.86749e-05;0.0689895
3109.9;763.101;INT2__PWR_;BOTTOM_LAYER;-4.86749e-05;-6.14909e-05;0.0328048
3109.9;1463.1;TOP_LAYER;INT1__GND_;-0.000149882;-0.00014504;-0.0680555
3109.9;1463.1;INT1__GND_;INT2__PWR_;-0.00014504;-0.000155173;0.0924485
3109.9;1463.1;INT2__PWR_;BOTTOM_LAYER;-0.000155173;-0.000170332;0.0388017
3110.9;4230.1;TOP_LAYER;INT1__GND_;16.9627;16.9627;0.0536966
3110.9;4230.1;INT1__GND_;INT2__PWR_;16.9627;16.9627;0.0536966
3110.9;4230.1;INT2__PWR_;BOTTOM_LAYER;16.9627;16.9627;0.0328364
3206.26;1926.82;TOP_LAYER;INT1__GND_;-0.00064239;-0.000593028;-2.01299
3206.26;1926.82;INT1__GND_;INT2__PWR_;-0.000593028;-0.000559616;-0.88455
3206.26;1926.82;INT2__PWR_;BOTTOM_LAYER;-0.000559616;-0.000506903;-0.391548
3206.26;2556.74;TOP_LAYER;INT1__GND_;24;24;-6.22725e-05
3206.26;2556.74;INT1__GND_;INT2__PWR_;24;24;-6.22725e-05
3206.26;2556.74;INT2__PWR_;BOTTOM_LAYER;24;24;-2.88566e-05
3229.9;2950.1;TOP_LAYER;INT1__GND_;2.89281e-05;3.20963e-05;-0.044523
3229.9;2950.1;INT1__GND_;INT2__PWR_;3.20963e-05;2.7407e-05;0.0427808
3229.9;2950.1;INT2__PWR_;BOTTOM_LAYER;2.7407e-05;2.18846e-05;0.0141356
3229.9;3040.1;TOP_LAYER;INT1__GND_;2.33586e-05;2.58042e-05;-0.0343688
3229.9;3040.1;INT1__GND_;INT2__PWR_;2.58042e-05;2.26289e-05;0.0289686
3229.9;3040.1;INT2__PWR_;BOTTOM_LAYER;2.26289e-05;1.77939e-05;0.0123762
3235.9;3980.1;TOP_LAYER;INT1__GND_;16.9628;16.9627;0.139235
3235.9;3980.1;INT1__GND_;INT2__PWR_;16.9627;16.9627;0.139235
3235.9;3980.1;INT2__PWR_;BOTTOM_LAYER;16.9627;16.9627;0.0629963
3284.9;413.101;TOP_LAYER;INT1__GND_;-5.71264e-06;-7.27465e-07;-0.0700572
3284.9;413.101;INT1__GND_;INT2__PWR_;-7.27465e-07;-1.30595e-05;0.112507
3284.9;413.101;INT2__PWR_;BOTTOM_LAYER;-1.30595e-05;-3.20433e-05;0.0485923
3284.9;1113.1;TOP_LAYER;INT1__GND_;-5.89261e-05;-5.32265e-05;-0.0800963
3284.9;1113.1;INT1__GND_;INT2__PWR_;-5.32265e-05;-6.69371e-05;0.125084
3284.9;1113.1;INT2__PWR_;BOTTOM_LAYER;-6.69371e-05;-8.78626e-05;0.0535624
3284.9;1813.1;TOP_LAYER;INT1__GND_;-0.000269341;-0.000255605;-0.193031
3284.9;1813.1;INT1__GND_;INT2__PWR_;-0.000255605;-0.000274475;0.17215
3284.9;1813.1;INT2__PWR_;BOTTOM_LAYER;-0.000274475;-0.000294876;0.0522205
3300;3229.1;TOP_LAYER;INT1__GND_;-4.69942e-05;-3.76656e-05;-0.0590276
3300;3229.1;INT1__GND_;INT2__PWR_;-3.76656e-05;-3.83988e-05;0.00301206
3300;3229.1;INT2__PWR_;BOTTOM_LAYER;-3.83988e-05;-3.39709e-05;-0.00510324
3300;3272.41;TOP_LAYER;INT1__GND_;-0.000102245;-6.48351e-05;-0.236713
3300;3272.41;INT1__GND_;INT2__PWR_;-6.48351e-05;-5.31719e-05;-0.0479099
3300;3272.41;INT2__PWR_;BOTTOM_LAYER;-5.31719e-05;-3.77477e-05;-0.0177767
3300;3315.71;TOP_LAYER;INT1__GND_;-4.00248e-05;-2.84828e-05;-0.0730328
3300;3315.71;INT1__GND_;INT2__PWR_;-2.84828e-05;-3.04771e-05;0.00819228
3300;3315.71;INT2__PWR_;BOTTOM_LAYER;-3.04771e-05;-2.37065e-05;-0.00780321
3351.18;3229.1;TOP_LAYER;INT1__GND_;-6.50892e-05;-4.77886e-05;-0.109471
3351.18;3229.1;INT1__GND_;INT2__PWR_;-4.77886e-05;-4.86168e-05;0.00340229
3351.18;3229.1;INT2__PWR_;BOTTOM_LAYER;-4.86168e-05;-3.45064e-05;-0.0162625
3351.18;3272.41;TOP_LAYER;INT1__GND_;-0.000243426;-0.000123387;-0.759551
3351.18;3272.41;INT1__GND_;INT2__PWR_;-0.000123387;-7.51404e-05;-0.198188
3351.18;3272.41;INT2__PWR_;BOTTOM_LAYER;-7.51404e-05;-3.92276e-05;-0.0413901
3351.18;3315.71;TOP_LAYER;INT1__GND_;-7.73746e-05;-4.66801e-05;-0.194221
3351.18;3315.71;INT1__GND_;INT2__PWR_;-4.66801e-05;-4.43748e-05;-0.00946946
3351.18;3315.71;INT2__PWR_;BOTTOM_LAYER;-4.43748e-05;-2.94969e-05;-0.0171471
3360.9;4230.1;TOP_LAYER;INT1__GND_;16.9627;16.9627;0.120866
3360.9;4230.1;INT1__GND_;INT2__PWR_;16.9627;16.9627;0.120866
3360.9;4230.1;INT2__PWR_;BOTTOM_LAYER;16.9627;16.9627;0.0605402
3459.9;763.101;TOP_LAYER;INT1__GND_;0.000161329;0.000155681;0.0793715
3459.9;763.101;INT1__GND_;INT2__PWR_;0.000155681;0.000168221;-0.114412
3459.9;763.101;INT2__PWR_;BOTTOM_LAYER;0.000168221;0.000185534;-0.0443144
3459.9;1463.1;TOP_LAYER;INT1__GND_;0.000125966;0.000118117;0.110301
3459.9;1463.1;INT1__GND_;INT2__PWR_;0.000118117;0.000135989;-0.163049
3459.9;1463.1;INT2__PWR_;BOTTOM_LAYER;0.000135989;0.000161381;-0.0649936
3459.9;2163.1;TOP_LAYER;INT1__GND_;0.000144481;0.000137319;0.100651
3459.9;2163.1;INT1__GND_;INT2__PWR_;0.000137319;0.000153542;-0.148003
3459.9;2163.1;INT2__PWR_;BOTTOM_LAYER;0.000153542;0.0001764;-0.0585079
3459.9;2863.1;TOP_LAYER;INT1__GND_;0.00019436;0.000190735;0.0509402
3459.9;2863.1;INT1__GND_;INT2__PWR_;0.000190735;0.000198734;-0.0729772
3459.9;2863.1;INT2__PWR_;BOTTOM_LAYER;0.000198734;0.000209716;-0.02811
3610.9;4230.1;TOP_LAYER;INT1__GND_;16.9627;16.9627;0.215366
3610.9;4230.1;INT1__GND_;INT2__PWR_;16.9627;16.9627;0.215366
3610.9;4230.1;INT2__PWR_;BOTTOM_LAYER;16.9627;16.9627;0.0935428
3634.9;413.101;TOP_LAYER;INT1__GND_;0.000198072;0.000195119;0.0415032
3634.9;413.101;INT1__GND_;INT2__PWR_;0.000195119;0.00020134;-0.0567586
3634.9;413.101;INT2__PWR_;BOTTOM_LAYER;0.00020134;0.000208869;-0.0192718
3634.9;1813.1;TOP_LAYER;INT1__GND_;0.000154222;0.000149232;0.0701239
3634.9;1813.1;INT1__GND_;INT2__PWR_;0.000149232;0.000161046;-0.10778
3634.9;1813.1;INT2__PWR_;BOTTOM_LAYER;0.000161046;0.000178085;-0.0436131
3634.9;2513.1;TOP_LAYER;INT1__GND_;0.000210842;0.000209287;0.0218464
3634.9;2513.1;INT1__GND_;INT2__PWR_;0.000209287;0.000213027;-0.0341207
3634.9;2513.1;INT2__PWR_;BOTTOM_LAYER;0.000213027;0.000218181;-0.0131911
3651.9;3455.1;TOP_LAYER;INT1__GND_;0.000375511;0.000375511;2.28546e-15
3651.9;3455.1;INT1__GND_;INT2__PWR_;0.000375511;0.000375511;-1.97827e-15
3651.9;3455.1;INT2__PWR_;BOTTOM_LAYER;0.000375511;0.000375511;-1.80388e-15
3725.9;3093.1;TOP_LAYER;INT1__GND_;0.000316983;0.000316983;-0
3725.9;3093.1;INT1__GND_;INT2__PWR_;0.000316983;0.000316983;-1.97827e-15
3725.9;3093.1;INT2__PWR_;BOTTOM_LAYER;0.000316983;0.000316983;-1.3876e-15
3809.9;763.101;TOP_LAYER;INT1__GND_;0.000208489;0.000207982;0.0071287
3809.9;763.101;INT1__GND_;INT2__PWR_;0.000207982;0.00020944;-0.0133052
3809.9;763.101;INT2__PWR_;BOTTOM_LAYER;0.00020944;0.000211467;-0.00518885
3809.9;1463.1;TOP_LAYER;INT1__GND_;0.000183454;0.000182295;0.0162869
3809.9;1463.1;INT1__GND_;INT2__PWR_;0.000182295;0.000186069;-0.0344294
3809.9;1463.1;INT2__PWR_;BOTTOM_LAYER;0.000186069;0.0001926;-0.0167182
3809.9;2163.1;TOP_LAYER;INT1__GND_;0.000198149;0.000196729;0.0199565
3809.9;2163.1;INT1__GND_;INT2__PWR_;0.000196729;0.000200747;-0.0366584
3809.9;2163.1;INT2__PWR_;BOTTOM_LAYER;0.000200747;0.000206873;-0.0156802
3809.9;2863.1;TOP_LAYER;INT1__GND_;0.000268761;0.000271749;-0.0419799
3809.9;2863.1;INT1__GND_;INT2__PWR_;0.000271749;0.000265024;0.061353
3809.9;2863.1;INT2__PWR_;BOTTOM_LAYER;0.000265024;0.000255384;0.0246744
3860.9;3230.1;TOP_LAYER;INT1__GND_;16.9626;16.9626;0.0215061
3860.9;3230.1;INT1__GND_;INT2__PWR_;16.9626;16.9626;0.0215061
3860.9;3230.1;INT2__PWR_;BOTTOM_LAYER;16.9626;16.9626;0.0128734
3860.9;4230.1;TOP_LAYER;INT1__GND_;16.9626;16.9626;0.154373
3860.9;4230.1;INT1__GND_;INT2__PWR_;16.9626;16.9626;0.154373
3860.9;4230.1;INT2__PWR_;BOTTOM_LAYER;16.9626;16.9626;0.0719993
3984.9;413.101;TOP_LAYER;INT1__GND_;0.000243852;0.000245314;-0.0205467
3984.9;413.101;INT1__GND_;INT2__PWR_;0.000245314;0.000241002;0.0393406
3984.9;413.101;INT2__PWR_;BOTTOM_LAYER;0.000241002;0.000234636;0.0162943
3984.9;1813.1;TOP_LAYER;INT1__GND_;0.000205113;0.000204862;0.00353175
3984.9;1813.1;INT1__GND_;INT2__PWR_;0.000204862;0.000205479;-0.00562442
3984.9;1813.1;INT2__PWR_;BOTTOM_LAYER;0.000205479;0.000208026;-0.00651925
3984.9;2513.1;TOP_LAYER;INT1__GND_;0.000260647;0.000261748;-0.0154644
3984.9;2513.1;INT1__GND_;INT2__PWR_;0.000261748;0.000257393;0.0397282
3984.9;2513.1;INT2__PWR_;BOTTOM_LAYER;0.000257393;0.000250464;0.0177343
3985.9;3980.1;TOP_LAYER;INT1__GND_;16.9626;16.9626;0.183196
3985.9;3980.1;INT1__GND_;INT2__PWR_;16.9626;16.9626;0.183196
3985.9;3980.1;INT2__PWR_;BOTTOM_LAYER;16.9626;16.9625;0.0770184
4109.9;3263.1;TOP_LAYER;INT1__GND_;4.83771;4.83771;0.000295956
4109.9;3263.1;INT1__GND_;INT2__PWR_;4.83771;4.83771;0.000295956
4109.9;3263.1;INT2__PWR_;BOTTOM_LAYER;4.83771;4.83771;0.000355502
4110.9;4230.1;TOP_LAYER;INT1__GND_;16.9625;16.9625;0.060061
4110.9;4230.1;INT1__GND_;INT2__PWR_;16.9625;16.9625;0.060061
4110.9;4230.1;INT2__PWR_;BOTTOM_LAYER;16.9625;16.9625;0.0352787
4159.9;763.101;TOP_LAYER;INT1__GND_;0.000258341;0.000263016;-0.0657023
4159.9;763.101;INT1__GND_;INT2__PWR_;0.000263016;0.000253086;0.090597
4159.9;763.101;INT2__PWR_;BOTTOM_LAYER;0.000253086;0.000239244;0.0354306
4159.9;1463.1;TOP_LAYER;INT1__GND_;0.000231397;0.00023494;-0.0497903
4159.9;1463.1;INT1__GND_;INT2__PWR_;0.00023494;0.000228367;0.0599733
4159.9;1463.1;INT2__PWR_;BOTTOM_LAYER;0.000228367;0.000220487;0.0201686
4159.9;2163.1;TOP_LAYER;INT1__GND_;0.000231083;0.000230429;0.00918736
4159.9;2163.1;INT1__GND_;INT2__PWR_;0.000230429;0.000231253;-0.00751858
4159.9;2163.1;INT2__PWR_;BOTTOM_LAYER;0.000231253;0.000230737;0.00132164
4159.9;2863.1;TOP_LAYER;INT1__GND_;0.00035381;0.000365227;-0.160441
4159.9;2863.1;INT1__GND_;INT2__PWR_;0.000365227;0.000340332;0.227122
4159.9;2863.1;INT2__PWR_;BOTTOM_LAYER;0.000340332;0.000306065;0.0877122
4235.9;3980.1;TOP_LAYER;INT1__GND_;16.9624;16.9624;0.0543317
4235.9;3980.1;INT1__GND_;INT2__PWR_;16.9624;16.9624;0.0543317
4235.9;3980.1;INT2__PWR_;BOTTOM_LAYER;16.9624;16.9624;0.0303778
4259.9;3563.1;TOP_LAYER;INT1__GND_;4.83771;4.83771;0.00038178
4259.9;3563.1;INT1__GND_;INT2__PWR_;4.83771;4.83771;0.00038178
4259.9;3563.1;INT2__PWR_;BOTTOM_LAYER;4.83771;4.83771;0.000453607
4334.9;413.101;TOP_LAYER;INT1__GND_;0.000293975;0.000301429;-0.104759
4334.9;413.101;INT1__GND_;INT2__PWR_;0.000301429;0.000284456;0.15485
4334.9;413.101;INT2__PWR_;BOTTOM_LAYER;0.000284456;0.000261202;0.0595228
4334.9;1813.1;TOP_LAYER;INT1__GND_;0.000234838;0.000236684;-0.0259398
4334.9;1813.1;INT1__GND_;INT2__PWR_;0.000236684;0.000232583;0.0374211
4334.9;1813.1;INT2__PWR_;BOTTOM_LAYER;0.000232583;0.000227151;0.0139019
4334.9;2513.1;TOP_LAYER;INT1__GND_;0.000293334;0.000296622;-0.0462049
4334.9;2513.1;INT1__GND_;INT2__PWR_;0.000296622;0.000287387;0.0842509
4334.9;2513.1;INT2__PWR_;BOTTOM_LAYER;0.000287387;0.000272015;0.0393476
4360.9;4230.1;TOP_LAYER;INT1__GND_;16.9623;16.9623;0.0216627
4360.9;4230.1;INT1__GND_;INT2__PWR_;16.9623;16.9623;0.0216627
4360.9;4230.1;INT2__PWR_;BOTTOM_LAYER;16.9623;16.9623;0.0154784
4409.9;3263.1;TOP_LAYER;INT1__GND_;4.83771;4.83771;0.000611415
4409.9;3263.1;INT1__GND_;INT2__PWR_;4.83771;4.83771;0.000611415
4409.9;3263.1;INT2__PWR_;BOTTOM_LAYER;4.83771;4.83771;0.000682912
4485.9;3980.1;TOP_LAYER;INT1__GND_;16.9622;16.9622;0.0156119
4485.9;3980.1;INT1__GND_;INT2__PWR_;16.9622;16.9622;0.0156119
4485.9;3980.1;INT2__PWR_;BOTTOM_LAYER;16.9622;16.9622;0.0108117
4559.9;3563.1;TOP_LAYER;INT1__GND_;4.83771;4.83771;0.000823039
4559.9;3563.1;INT1__GND_;INT2__PWR_;4.83771;4.83771;0.000823039
4559.9;3563.1;INT2__PWR_;BOTTOM_LAYER;4.83771;4.83771;0.000930728
4610.9;4230.1;TOP_LAYER;INT1__GND_;16.9622;16.9622;0.00680461
4610.9;4230.1;INT1__GND_;INT2__PWR_;16.9622;16.9622;0.00680461
4610.9;4230.1;INT2__PWR_;BOTTOM_LAYER;16.9622;16.9622;0.00567275
4670.82;1916.98;TOP_LAYER;INT1__GND_;-2.10856e-05;2.8255e-05;-2.01213
4670.82;1916.98;INT1__GND_;INT2__PWR_;2.8255e-05;6.95788e-05;-1.09402
4670.82;1916.98;INT2__PWR_;BOTTOM_LAYER;6.95788e-05;0.000137163;-0.502008
4670.82;2133.52;TOP_LAYER;INT1__GND_;4.95168;4.95162;2.46557
4670.82;2133.52;INT1__GND_;INT2__PWR_;4.95162;4.95153;2.46557
4670.82;2133.52;INT2__PWR_;BOTTOM_LAYER;4.95153;4.95137;1.1438
4670.82;2350.05;TOP_LAYER;INT1__GND_;-0.000678017;-0.00061357;-2.62816
4670.82;2350.05;INT1__GND_;INT2__PWR_;-0.00061357;-0.00061357;-0
4670.82;2350.05;INT2__PWR_;BOTTOM_LAYER;-0.00061357;-0.00061357;-0
4670.82;2566.59;TOP_LAYER;INT1__GND_;4.95142;4.95136;2.44266
4670.82;2566.59;INT1__GND_;INT2__PWR_;4.95136;4.95127;2.44266
4670.82;2566.59;INT2__PWR_;BOTTOM_LAYER;4.95127;4.95112;1.10831
4684.9;413.101;TOP_LAYER;INT1__GND_;0.000653645;0.000645675;0.112005
4684.9;413.101;INT1__GND_;INT2__PWR_;0.000645675;0.000663778;-0.165158
4684.9;413.101;INT2__PWR_;BOTTOM_LAYER;0.000663778;0.000689601;-0.0660988
4684.9;1113.1;TOP_LAYER;INT1__GND_;0.00059836;0.000593175;0.0728626
4684.9;1113.1;INT1__GND_;INT2__PWR_;0.000593175;0.000605671;-0.114001
4684.9;1113.1;INT2__PWR_;BOTTOM_LAYER;0.000605671;0.000623566;-0.0458057
4684.9;1813.1;TOP_LAYER;INT1__GND_;0.000325408;0.000330448;-0.0708255
4684.9;1813.1;INT1__GND_;INT2__PWR_;0.000330448;0.000336965;-0.059456
4684.9;1813.1;INT2__PWR_;BOTTOM_LAYER;0.000336965;0.000355863;-0.048373
4709.9;3263.1;TOP_LAYER;INT1__GND_;4.83771;4.83771;0.001432
4709.9;3263.1;INT1__GND_;INT2__PWR_;4.83771;4.83771;0.001432
4709.9;3263.1;INT2__PWR_;BOTTOM_LAYER;4.83771;4.83771;0.00153125
4739.2;2858.8;TOP_LAYER;INT1__GND_;4.95055;4.95054;0.0515678
4739.2;2858.8;INT1__GND_;INT2__PWR_;4.95054;4.95054;0.0515678
4739.2;2858.8;INT2__PWR_;BOTTOM_LAYER;4.95054;4.95053;0.0493543
4735.9;3980.1;TOP_LAYER;INT1__GND_;16.9621;16.9621;0.00533357
4735.9;3980.1;INT1__GND_;INT2__PWR_;16.9621;16.9621;0.00533357
4735.9;3980.1;INT2__PWR_;BOTTOM_LAYER;16.9621;16.9621;0.00426215
4859.9;763.101;TOP_LAYER;INT1__GND_;0.00067454;0.000671687;0.0400995
4859.9;763.101;INT1__GND_;INT2__PWR_;0.000671687;0.000679379;-0.0701794
4859.9;763.101;INT2__PWR_;BOTTOM_LAYER;0.000679379;0.000691813;-0.0318271
4859.9;1463.1;TOP_LAYER;INT1__GND_;0.00057198;0.000574956;-0.041817
4859.9;1463.1;INT1__GND_;INT2__PWR_;0.000574956;0.000573495;0.0133288
4859.9;1463.1;INT2__PWR_;BOTTOM_LAYER;0.000573495;0.00057487;-0.00351895
4859.9;2113.1;TOP_LAYER;INT1__GND_;4.95076;4.95075;0.0847138
4859.9;2113.1;INT1__GND_;INT2__PWR_;4.95075;4.95075;0.0847138
4859.9;2113.1;INT2__PWR_;BOTTOM_LAYER;4.95075;4.95071;0.0764275
4859.9;2613.1;TOP_LAYER;INT1__GND_;4.95054;4.95053;0.0602819
4859.9;2613.1;INT1__GND_;INT2__PWR_;4.95053;4.95053;0.0602819
4859.9;2613.1;INT2__PWR_;BOTTOM_LAYER;4.95053;4.9505;0.0538878
4859.9;3563.1;TOP_LAYER;INT1__GND_;4.83771;4.83771;0.00197482
4859.9;3563.1;INT1__GND_;INT2__PWR_;4.83771;4.83771;0.00197482
4859.9;3563.1;INT2__PWR_;BOTTOM_LAYER;4.83771;4.83771;0.00210597
4860.9;4230.1;TOP_LAYER;INT1__GND_;16.962;16.962;0.00249704
4860.9;4230.1;INT1__GND_;INT2__PWR_;16.962;16.962;0.00249704
4860.9;4230.1;INT2__PWR_;BOTTOM_LAYER;16.962;16.962;0.00224468
4984.9;2363.1;TOP_LAYER;INT1__GND_;4.95043;4.95043;0.0299128
4984.9;2363.1;INT1__GND_;INT2__PWR_;4.95043;4.95043;0.0299128
4984.9;2363.1;INT2__PWR_;BOTTOM_LAYER;4.95043;4.95041;0.030468
4984.9;2863.1;TOP_LAYER;INT1__GND_;4.95024;4.95024;0.000247483
4984.9;2863.1;INT1__GND_;INT2__PWR_;4.95024;4.95024;0.000247483
4984.9;2863.1;INT2__PWR_;BOTTOM_LAYER;4.95024;4.95024;0.00328159
4985.9;3980.1;TOP_LAYER;INT1__GND_;16.962;16.962;0.00233564
4985.9;3980.1;INT1__GND_;INT2__PWR_;16.962;16.962;0.00233564
4985.9;3980.1;INT2__PWR_;BOTTOM_LAYER;16.962;16.9619;0.00174497
5009.9;3263.1;TOP_LAYER;INT1__GND_;4.83771;4.83771;0.00407011
5009.9;3263.1;INT1__GND_;INT2__PWR_;4.83771;4.83771;0.00407011
5009.9;3263.1;INT2__PWR_;BOTTOM_LAYER;4.83771;4.83771;0.00402064
5034.9;413.101;TOP_LAYER;INT1__GND_;0.000722739;0.000720583;0.0302992
5034.9;413.101;INT1__GND_;INT2__PWR_;0.000720583;0.000726636;-0.0552185
5034.9;413.101;INT2__PWR_;BOTTOM_LAYER;0.000726636;0.000736571;-0.0254301
5034.9;1113.1;TOP_LAYER;INT1__GND_;0.000695198;0.000694609;0.00828256
5034.9;1113.1;INT1__GND_;INT2__PWR_;0.000694609;0.000696522;-0.0174569
5034.9;1113.1;INT2__PWR_;BOTTOM_LAYER;0.000696522;0.000699335;-0.00720012
5109.9;2113.1;TOP_LAYER;INT1__GND_;4.95021;4.95021;-0.00432237
5109.9;2113.1;INT1__GND_;INT2__PWR_;4.95021;4.95021;-0.00432237
5109.9;2113.1;INT2__PWR_;BOTTOM_LAYER;4.95021;4.95021;0.000424158
5109.9;2613.1;TOP_LAYER;INT1__GND_;4.95005;4.95005;-0.031646
5109.9;2613.1;INT1__GND_;INT2__PWR_;4.95005;4.95005;-0.031646
5109.9;2613.1;INT2__PWR_;BOTTOM_LAYER;4.95005;4.95006;-0.0205766
5110.9;4230.1;TOP_LAYER;INT1__GND_;16.9619;16.9619;0.00142768
5110.9;4230.1;INT1__GND_;INT2__PWR_;16.9619;16.9619;0.00142768
5110.9;4230.1;INT2__PWR_;BOTTOM_LAYER;16.9619;16.9619;0.000953148
5159.9;3563.1;TOP_LAYER;INT1__GND_;4.83771;4.83771;0.00525803
5159.9;3563.1;INT1__GND_;INT2__PWR_;4.83771;4.83771;0.00525803
5159.9;3563.1;INT2__PWR_;BOTTOM_LAYER;4.83771;4.83771;0.00527096
5209.9;763.101;TOP_LAYER;INT1__GND_;0.000755564;0.000755514;0.000705726
5209.9;763.101;INT1__GND_;INT2__PWR_;0.000755514;0.000756241;-0.00663538
5209.9;763.101;INT2__PWR_;BOTTOM_LAYER;0.000756241;0.000757733;-0.00381827
5209.9;1463.1;TOP_LAYER;INT1__GND_;0.000743096;0.000748643;-0.0779625
5209.9;1463.1;INT1__GND_;INT2__PWR_;0.000748643;0.000737709;0.0997553
5209.9;1463.1;INT2__PWR_;BOTTOM_LAYER;0.000737709;0.000722584;0.0387148
5234.9;2863.1;TOP_LAYER;INT1__GND_;4.94976;4.94977;-0.0930238
5234.9;2863.1;INT1__GND_;INT2__PWR_;4.94977;4.94978;-0.0930238
5234.9;2863.1;INT2__PWR_;BOTTOM_LAYER;4.94978;4.9498;-0.0659832
5235.9;3980.1;TOP_LAYER;INT1__GND_;16.9618;16.9618;0.00265005
5235.9;3980.1;INT1__GND_;INT2__PWR_;16.9618;16.9618;0.00265005
5235.9;3980.1;INT2__PWR_;BOTTOM_LAYER;16.9618;16.9618;0.000721345
5309.9;3263.1;TOP_LAYER;INT1__GND_;4.83771;4.83771;0.0118145
5309.9;3263.1;INT1__GND_;INT2__PWR_;4.83771;4.83771;0.0118145
5309.9;3263.1;INT2__PWR_;BOTTOM_LAYER;4.83771;4.83771;0.0104113
5359.9;2113.1;TOP_LAYER;INT1__GND_;4.94982;4.94982;-0.0556995
5359.9;2113.1;INT1__GND_;INT2__PWR_;4.94982;4.94983;-0.0556995
5359.9;2113.1;INT2__PWR_;BOTTOM_LAYER;4.94983;4.94985;-0.0424839
5360.9;4230.1;TOP_LAYER;INT1__GND_;16.9617;16.9617;0.00220225
5360.9;4230.1;INT1__GND_;INT2__PWR_;16.9617;16.9617;0.00220225
5360.9;4230.1;INT2__PWR_;BOTTOM_LAYER;16.9617;16.9617;0.000277356
5373.85;2364.88;TOP_LAYER;INT1__GND_;0.0015431;0.0015431;9.21997e-15
5373.85;2364.88;INT1__GND_;INT2__PWR_;0.0015431;0.0015431;-8.97831e-15
5373.85;2364.88;INT2__PWR_;BOTTOM_LAYER;0.0015431;0.0015431;-6.71741e-15
5373.85;2660.15;TOP_LAYER;INT1__GND_;4.94959;4.9496;-0.18874
5373.85;2660.15;INT1__GND_;INT2__PWR_;4.9496;4.94961;-0.18874
5373.85;2660.15;INT2__PWR_;BOTTOM_LAYER;4.94961;4.94965;-0.132887
5384.9;413.101;TOP_LAYER;INT1__GND_;0.000794237;0.000793783;0.00637737
5384.9;413.101;INT1__GND_;INT2__PWR_;0.000793783;0.00079515;-0.0124702
5384.9;413.101;INT2__PWR_;BOTTOM_LAYER;0.00079515;0.000796676;-0.00390525
5384.9;1113.1;TOP_LAYER;INT1__GND_;0.000809089;0.000809728;-0.00898921
5384.9;1113.1;INT1__GND_;INT2__PWR_;0.000809728;0.000806902;0.0257865
5384.9;1113.1;INT2__PWR_;BOTTOM_LAYER;0.000806902;0.000800225;0.0170899
5459.9;3563.1;TOP_LAYER;INT1__GND_;4.83771;4.83771;0.0128993
5459.9;3563.1;INT1__GND_;INT2__PWR_;4.83771;4.83771;0.0128993
5459.9;3563.1;INT2__PWR_;BOTTOM_LAYER;4.83771;4.8377;0.011734
5484.9;2863.1;TOP_LAYER;INT1__GND_;4.94923;4.94926;-0.387695
5484.9;2863.1;INT1__GND_;INT2__PWR_;4.94926;4.9493;-0.387695
5484.9;2863.1;INT2__PWR_;BOTTOM_LAYER;4.9493;4.94939;-0.223413
5490.2;3975.8;TOP_LAYER;INT1__GND_;16.9616;16.9616;0.00745225
5490.2;3975.8;INT1__GND_;INT2__PWR_;16.9616;16.9616;0.00745225
5490.2;3975.8;INT2__PWR_;BOTTOM_LAYER;16.9616;16.9616;0.00061569
5559.9;763.101;TOP_LAYER;INT1__GND_;0.000840489;0.000841163;-0.00946837
5559.9;763.101;INT1__GND_;INT2__PWR_;0.000841163;0.000838859;0.0210143
5559.9;763.101;INT2__PWR_;BOTTOM_LAYER;0.000838859;0.000833612;0.0134314
5559.9;1463.1;TOP_LAYER;INT1__GND_;0.000905154;0.000913282;-0.114222
5559.9;1463.1;INT1__GND_;INT2__PWR_;0.000913282;0.000893586;0.179687
5559.9;1463.1;INT2__PWR_;BOTTOM_LAYER;0.000893586;0.000862853;0.0786674
5609.9;2113.1;TOP_LAYER;INT1__GND_;4.9495;4.94951;-0.124054
5609.9;2113.1;INT1__GND_;INT2__PWR_;4.94951;4.94952;-0.124054
5609.9;2113.1;INT2__PWR_;BOTTOM_LAYER;4.94952;4.94956;-0.0928691
5609.9;2613.1;TOP_LAYER;INT1__GND_;4.94909;4.94912;-0.548463
5609.9;2613.1;INT1__GND_;INT2__PWR_;4.94912;4.94918;-0.548463
5609.9;2613.1;INT2__PWR_;BOTTOM_LAYER;4.94918;4.9493;-0.289611
5609.9;3263.1;TOP_LAYER;INT1__GND_;4.83772;4.83772;0.0315544
5609.9;3263.1;INT1__GND_;INT2__PWR_;4.83772;4.83771;0.0315544
5609.9;3263.1;INT2__PWR_;BOTTOM_LAYER;4.83771;4.8377;0.0250231
5610.9;4230.1;TOP_LAYER;INT1__GND_;16.9616;16.9616;0.00471074
5610.9;4230.1;INT1__GND_;INT2__PWR_;16.9616;16.9616;0.00471074
5610.9;4230.1;INT2__PWR_;BOTTOM_LAYER;16.9616;16.9616;-0.00104141
5734.9;413.101;TOP_LAYER;INT1__GND_;0.000860495;0.000860681;-0.00261836
5734.9;413.101;INT1__GND_;INT2__PWR_;0.000860681;0.000857486;0.0291431
5734.9;413.101;INT2__PWR_;BOTTOM_LAYER;0.000857486;0.000851266;0.0159221
5739.2;1108.8;TOP_LAYER;INT1__GND_;0.000912989;0.000913624;-0.0128952
5739.2;1108.8;INT1__GND_;INT2__PWR_;0.000913624;0.000907516;0.0805415
5739.2;1108.8;INT2__PWR_;BOTTOM_LAYER;0.000907516;0.000894128;0.0495275
5734.9;2363.1;TOP_LAYER;INT1__GND_;4.94922;4.94925;-0.327712
5734.9;2363.1;INT1__GND_;INT2__PWR_;4.94925;4.94928;-0.327712
5734.9;2363.1;INT2__PWR_;BOTTOM_LAYER;4.94928;4.94936;-0.200422
5734.9;2863.1;TOP_LAYER;INT1__GND_;4.94845;4.94856;-1.59814
5734.9;2863.1;INT1__GND_;INT2__PWR_;4.94856;4.94873;-1.59814
5734.9;2863.1;INT2__PWR_;BOTTOM_LAYER;4.94873;4.949;-0.669445
5759.9;3563.1;TOP_LAYER;INT1__GND_;4.83771;4.83771;0.035577
5759.9;3563.1;INT1__GND_;INT2__PWR_;4.83771;4.83771;0.035577
5759.9;3563.1;INT2__PWR_;BOTTOM_LAYER;4.83771;4.8377;0.0280732
5859.9;2613.1;TOP_LAYER;INT1__GND_;4.94836;4.94848;-1.77545
5859.9;2613.1;INT1__GND_;INT2__PWR_;4.94848;4.94868;-1.77545
5859.9;2613.1;INT2__PWR_;BOTTOM_LAYER;4.94868;4.94896;-0.728262
5860.9;4230.1;TOP_LAYER;INT1__GND_;16.9614;16.9614;0.00437014
5860.9;4230.1;INT1__GND_;INT2__PWR_;16.9614;16.9614;0.00437014
5860.9;4230.1;INT2__PWR_;BOTTOM_LAYER;16.9614;16.9614;-0.00644296
5909.9;763.101;TOP_LAYER;INT1__GND_;0.000919446;0.000921332;-0.0264921
5909.9;763.101;INT1__GND_;INT2__PWR_;0.000921332;0.000914968;0.0580573
5909.9;763.101;INT2__PWR_;BOTTOM_LAYER;0.000914968;0.000901688;0.033993
5909.9;1463.1;TOP_LAYER;INT1__GND_;0.00103715;0.00104904;-0.167108
5909.9;1463.1;INT1__GND_;INT2__PWR_;0.00104904;0.00101871;0.27664
5909.9;1463.1;INT2__PWR_;BOTTOM_LAYER;0.00101871;0.000970516;0.123373
5909.9;3263.1;TOP_LAYER;INT1__GND_;4.83773;4.83773;0.091948
5909.9;3263.1;INT1__GND_;INT2__PWR_;4.83773;4.83772;0.091948
5909.9;3263.1;INT2__PWR_;BOTTOM_LAYER;4.83772;4.83769;0.0633508
6059.9;2963.1;TOP_LAYER;INT1__GND_;4.83785;4.83781;0.480967
6059.9;2963.1;INT1__GND_;INT2__PWR_;4.83781;4.83776;0.480967
6059.9;2963.1;INT2__PWR_;BOTTOM_LAYER;4.83776;4.83766;0.260517
6080.9;3607.1;TOP_LAYER;INT1__GND_;0.00451041;0.00451041;-0
6080.9;3607.1;INT1__GND_;INT2__PWR_;0.00451041;0.00451041;-2.37393e-14
6080.9;3607.1;INT2__PWR_;BOTTOM_LAYER;0.00451041;0.00451041;-2.22016e-14
6084.9;413.101;TOP_LAYER;INT1__GND_;0.000919697;0.000922338;-0.0371223
6084.9;413.101;INT1__GND_;INT2__PWR_;0.000922338;0.000913858;0.0773638
6084.9;413.101;INT2__PWR_;BOTTOM_LAYER;0.000913858;0.000899124;0.0377141
6084.9;1113.1;TOP_LAYER;INT1__GND_;0.00100778;0.00101296;-0.0726757
6084.9;1113.1;INT1__GND_;INT2__PWR_;0.00101296;0.000994967;0.164109
6084.9;1113.1;INT2__PWR_;BOTTOM_LAYER;0.000994967;0.000963075;0.081633
6089.9;3963.1;TOP_LAYER;INT1__GND_;0.00470676;0.00470676;1.21891e-14
6089.9;3963.1;INT1__GND_;INT2__PWR_;0.00470676;0.00470676;-2.37393e-14
6089.9;3963.1;INT2__PWR_;BOTTOM_LAYER;0.00470676;0.00470676;-2.22016e-14
6209.9;2063.1;TOP_LAYER;INT1__GND_;4.8367;4.83669;0.129813
6209.9;2063.1;INT1__GND_;INT2__PWR_;4.83669;4.83667;0.129813
6209.9;2063.1;INT2__PWR_;BOTTOM_LAYER;4.83667;4.83664;0.0939858
6209.9;2663.1;TOP_LAYER;INT1__GND_;4.83778;4.83771;0.973475
6209.9;2663.1;INT1__GND_;INT2__PWR_;4.83771;4.8376;0.973475
6209.9;2663.1;INT2__PWR_;BOTTOM_LAYER;4.8376;4.83745;0.392199
6209.9;3263.1;TOP_LAYER;INT1__GND_;4.83775;4.83774;0.190402
6209.9;3263.1;INT1__GND_;INT2__PWR_;4.83774;4.83772;0.190402
6209.9;3263.1;INT2__PWR_;BOTTOM_LAYER;4.83772;4.83767;0.11461
6235.9;3980.1;TOP_LAYER;INT1__GND_;16.9611;16.9611;-0.0546249
6235.9;3980.1;INT1__GND_;INT2__PWR_;16.9611;16.9611;-0.0546249
6235.9;3980.1;INT2__PWR_;BOTTOM_LAYER;16.9611;16.9611;-0.0457236
6259.9;763.101;TOP_LAYER;INT1__GND_;0.000981942;0.000987802;-0.0823633
6259.9;763.101;INT1__GND_;INT2__PWR_;0.000987802;0.000972224;0.142126
6259.9;763.101;INT2__PWR_;BOTTOM_LAYER;0.000972224;0.000946009;0.0671008
6259.9;1463.1;TOP_LAYER;INT1__GND_;0.00113602;0.00115535;-0.271589
6259.9;1463.1;INT1__GND_;INT2__PWR_;0.00115535;0.00110854;0.42704
6259.9;1463.1;INT2__PWR_;BOTTOM_LAYER;0.00110854;0.0010379;0.180818
6359.9;2363.1;TOP_LAYER;INT1__GND_;4.83711;4.83709;0.39898
6359.9;2363.1;INT1__GND_;INT2__PWR_;4.83709;4.83704;0.39898
6359.9;2363.1;INT2__PWR_;BOTTOM_LAYER;4.83704;4.83697;0.176719
6359.9;2963.1;TOP_LAYER;INT1__GND_;4.83805;4.83796;1.17631
6359.9;2963.1;INT1__GND_;INT2__PWR_;4.83796;4.83784;1.17631
6359.9;2963.1;INT2__PWR_;BOTTOM_LAYER;4.83784;4.83765;0.466295
6359.9;3563.1;TOP_LAYER;INT1__GND_;4.83769;4.83768;0.0975376
6359.9;3563.1;INT1__GND_;INT2__PWR_;4.83768;4.83767;0.0975376
6359.9;3563.1;INT2__PWR_;BOTTOM_LAYER;4.83767;4.83765;0.0662939
6371.2;2100.8;TOP_LAYER;INT1__GND_;4.83667;4.83666;0.180401
6371.2;2100.8;INT1__GND_;INT2__PWR_;4.83666;4.83665;0.180401
6371.2;2100.8;INT2__PWR_;BOTTOM_LAYER;4.83665;4.83661;0.127285
6509.9;2663.1;TOP_LAYER;INT1__GND_;4.8377;4.83763;1.01398
6509.9;2663.1;INT1__GND_;INT2__PWR_;4.83763;4.83752;1.01398
6509.9;2663.1;INT2__PWR_;BOTTOM_LAYER;4.83752;4.83736;0.394107
6509.9;3263.1;TOP_LAYER;INT1__GND_;4.8377;4.83769;0.241761
6509.9;3263.1;INT1__GND_;INT2__PWR_;4.83769;4.83766;0.241761
6509.9;3263.1;INT2__PWR_;BOTTOM_LAYER;4.83766;4.83761;0.133604
6841.44;256.132;TOP_LAYER;INT1__GND_;4.82976;4.82996;-5.33826
6841.44;256.132;INT1__GND_;INT2__PWR_;4.82996;4.83027;-5.33826
6841.44;256.132;INT2__PWR_;BOTTOM_LAYER;4.83027;4.83077;-2.4262
6841.44;452.982;TOP_LAYER;INT1__GND_;0.00118293;0.00118293;-0
6841.44;452.982;INT1__GND_;INT2__PWR_;0.00118293;0.00118293;-0
6841.44;452.982;INT2__PWR_;BOTTOM_LAYER;0.00118293;0.00118293;1.04635e-15
6841.44;779.214;TOP_LAYER;INT1__GND_;4.83265;4.83266;-0.313703
6841.44;779.214;INT1__GND_;INT2__PWR_;4.83266;4.83268;-0.313703
6841.44;779.214;INT2__PWR_;BOTTOM_LAYER;4.83268;4.83275;-0.33769
6841.44;976.064;TOP_LAYER;INT1__GND_;0.00137328;0.00137328;-0
6841.44;976.064;INT1__GND_;INT2__PWR_;0.00137328;0.00137328;-0
6841.44;976.064;INT2__PWR_;BOTTOM_LAYER;0.00137328;0.00137328;1.04635e-15
6841.44;1302.3;TOP_LAYER;INT1__GND_;4.83422;4.83422;-0.0851227
6841.44;1302.3;INT1__GND_;INT2__PWR_;4.83422;4.83422;-0.0851227
6841.44;1302.3;INT2__PWR_;BOTTOM_LAYER;4.83422;4.83424;-0.0582862
6841.44;1499.15;TOP_LAYER;INT1__GND_;0.00177395;0.00177395;-0
6841.44;1499.15;INT1__GND_;INT2__PWR_;0.00177395;0.00177395;-0
6841.44;1499.15;INT2__PWR_;BOTTOM_LAYER;0.00177395;0.00177395;2.0927e-15
6841.44;1825.38;TOP_LAYER;INT1__GND_;4.83566;4.83566;0.00864724
6841.44;1825.38;INT1__GND_;INT2__PWR_;4.83566;4.83566;0.00864724
6841.44;1825.38;INT2__PWR_;BOTTOM_LAYER;4.83566;4.83565;0.0392337
6841.44;2022.23;TOP_LAYER;INT1__GND_;0.00248938;0.00248938;-0
6841.44;2022.23;INT1__GND_;INT2__PWR_;0.00248938;0.00248938;-0
6841.44;2022.23;INT2__PWR_;BOTTOM_LAYER;0.00248938;0.00248938;2.0927e-15
6841.44;2348.46;TOP_LAYER;INT1__GND_;4.83675;4.83674;0.135099
6841.44;2348.46;INT1__GND_;INT2__PWR_;4.83674;4.83673;0.135099
6841.44;2348.46;INT2__PWR_;BOTTOM_LAYER;4.83673;4.83672;0.0717234
6841.44;2545.31;TOP_LAYER;INT1__GND_;0.00361045;0.00361045;-0
6841.44;2545.31;INT1__GND_;INT2__PWR_;0.00361045;0.00361045;7.4588e-15
6841.44;2545.31;INT2__PWR_;BOTTOM_LAYER;0.00361045;0.00361045;2.0927e-15
6841.44;2871.54;TOP_LAYER;INT1__GND_;4.83745;4.83744;0.360704
6841.44;2871.54;INT1__GND_;INT2__PWR_;4.83744;4.83742;0.360704
6841.44;2871.54;INT2__PWR_;BOTTOM_LAYER;4.83742;4.83737;0.223498
6841.44;3068.39;TOP_LAYER;INT1__GND_;0.00512677;0.00512677;-0
6841.44;3068.39;INT1__GND_;INT2__PWR_;0.00512677;0.00512677;-0
6841.44;3068.39;INT2__PWR_;BOTTOM_LAYER;0.00512677;0.00512677;4.1854e-15
6841.44;3394.62;TOP_LAYER;INT1__GND_;4.8376;4.83759;0.15036
6841.44;3394.62;INT1__GND_;INT2__PWR_;4.83759;4.83758;0.15036
6841.44;3394.62;INT2__PWR_;BOTTOM_LAYER;4.83758;4.83756;0.108161
6841.44;3591.47;TOP_LAYER;INT1__GND_;0.0106374;0.0103354;8
6841.44;3591.47;INT1__GND_;INT2__PWR_;0.0103354;0.0103354;-0
6841.44;3591.47;INT2__PWR_;BOTTOM_LAYER;0.0103354;0.0103354;8.3708e-15
6841.44;3917.71;TOP_LAYER;INT1__GND_;16.9604;16.9604;-1.06716
6841.44;3917.71;INT1__GND_;INT2__PWR_;16.9604;16.9605;-1.06716
6841.44;3917.71;INT2__PWR_;BOTTOM_LAYER;16.9605;16.9606;-0.497383
6841.44;4114.56;TOP_LAYER;INT1__GND_;0.00772179;0.00765951;1.65
6841.44;4114.56;INT1__GND_;INT2__PWR_;0.00765951;0.00765951;-0
6841.44;4114.56;INT2__PWR_;BOTTOM_LAYER;0.00765951;0.00765951;-0
